cc,status
7525,Only in missing_fees.csv
7116,Only in missing_fees.csv
7402,Only in missing_fees.csv
6888,Only in missing_fees.csv
7788,Only in missing_fees.csv
7817,Only in missing_fees.csv
7899,Only in missing_fees.csv
7904,Only in missing_fees.csv
7905,Only in missing_fees.csv
7906,Only in missing_fees.csv
7910,Only in missing_fees.csv
7911,Only in missing_fees.csv
7912,Only in missing_fees.csv
7915,Only in missing_fees.csv
7914,Only in missing_fees.csv
7916,Only in missing_fees.csv
7917,Only in missing_fees.csv
7918,Only in missing_fees.csv
7766,Only in missing_fees.csv
7901,Only in missing_fees.csv
7902,Only in missing_fees.csv
7907,Only in missing_fees.csv
7913,Only in missing_fees.csv
7909,Only in missing_fees.csv
7908,Only in missing_fees.csv
7608,Only in cleaned_fees_heads.csv
7615,Only in cleaned_fees_heads.csv
7616,Only in cleaned_fees_heads.csv
7620,Only in cleaned_fees_heads.csv
7631,Only in cleaned_fees_heads.csv
7649,Only in cleaned_fees_heads.csv
7701,Only in cleaned_fees_heads.csv
7721,Only in cleaned_fees_heads.csv
7738,Only in cleaned_fees_heads.csv
7739,Only in cleaned_fees_heads.csv
7746,Only in cleaned_fees_heads.csv
7747,Only in cleaned_fees_heads.csv
7753,Only in cleaned_fees_heads.csv
7764,Only in cleaned_fees_heads.csv
7765,Only in cleaned_fees_heads.csv
7770,Only in cleaned_fees_heads.csv
7773,Only in cleaned_fees_heads.csv
7819,Only in cleaned_fees_heads.csv
7847,Only in cleaned_fees_heads.csv
7852,Only in cleaned_fees_heads.csv
7855,Only in cleaned_fees_heads.csv
7876,Only in cleaned_fees_heads.csv
7877,Only in cleaned_fees_heads.csv
7885,Only in cleaned_fees_heads.csv
7891,Only in cleaned_fees_heads.csv
7614,Only in cleaned_fees_heads.csv
7626,Only in cleaned_fees_heads.csv
7700,Only in cleaned_fees_heads.csv
7730,Only in cleaned_fees_heads.csv
7744,Only in cleaned_fees_heads.csv
7748,Only in cleaned_fees_heads.csv
7767,Only in cleaned_fees_heads.csv
7665,Only in cleaned_fees_heads.csv
7790,Only in cleaned_fees_heads.csv
7792,Only in cleaned_fees_heads.csv
7798,Only in cleaned_fees_heads.csv
7821,Only in cleaned_fees_heads.csv
7827,Only in cleaned_fees_heads.csv
7834,Only in cleaned_fees_heads.csv
7878,Only in cleaned_fees_heads.csv
7879,Only in cleaned_fees_heads.csv
7887,Only in cleaned_fees_heads.csv
7596,Only in cleaned_fees_heads.csv
7646,Only in cleaned_fees_heads.csv
7689,Only in cleaned_fees_heads.csv
7786,Only in cleaned_fees_heads.csv
7791,Only in cleaned_fees_heads.csv
7799,Only in cleaned_fees_heads.csv
7843,Only in cleaned_fees_heads.csv
7600,Only in cleaned_fees_heads.csv
7641,Only in cleaned_fees_heads.csv
7793,Only in cleaned_fees_heads.csv
7828,Only in cleaned_fees_heads.csv
7607,Only in cleaned_fees_heads.csv
7647,Only in cleaned_fees_heads.csv
7794,Only in cleaned_fees_heads.csv
7606,Only in cleaned_fees_heads.csv
7645,Only in cleaned_fees_heads.csv
7884,Only in cleaned_fees_heads.csv
7806,Only in cleaned_fees_heads.csv
7824,Only in cleaned_fees_heads.csv
7825,Only in cleaned_fees_heads.csv
7864,Only in cleaned_fees_heads.csv
7221,Only in cleaned_fees_heads.csv
7553,Only in cleaned_fees_heads.csv
7563,Only in cleaned_fees_heads.csv
7712,Only in cleaned_fees_heads.csv
7756,Only in cleaned_fees_heads.csv
7805,Only in cleaned_fees_heads.csv
7745,Only in cleaned_fees_heads.csv
7841,Only in cleaned_fees_heads.csv
7851,Only in cleaned_fees_heads.csv
7853,Only in cleaned_fees_heads.csv
7144,Only in cleaned_fees_heads.csv
7145,Only in cleaned_fees_heads.csv
7184,Only in cleaned_fees_heads.csv
7222,Only in cleaned_fees_heads.csv
7441,Only in cleaned_fees_heads.csv
7547,Only in cleaned_fees_heads.csv
7711,Only in cleaned_fees_heads.csv
7713,Only in cleaned_fees_heads.csv
6947,Only in cleaned_fees_heads.csv
7143,Only in cleaned_fees_heads.csv
7544,Only in cleaned_fees_heads.csv
7551,Only in cleaned_fees_heads.csv
7552,Only in cleaned_fees_heads.csv
7710,Only in cleaned_fees_heads.csv
6519,Only in cleaned_fees_heads.csv
6596,Only in cleaned_fees_heads.csv
6869,Only in cleaned_fees_heads.csv
6946,Only in cleaned_fees_heads.csv
7545,Only in cleaned_fees_heads.csv
7854,Only in cleaned_fees_heads.csv
6145,Only in cleaned_fees_heads.csv
6495,Only in cleaned_fees_heads.csv
6538,Only in cleaned_fees_heads.csv
6589,Only in cleaned_fees_heads.csv
6662,Only in cleaned_fees_heads.csv
6692,Only in cleaned_fees_heads.csv
6918,Only in cleaned_fees_heads.csv
6921,Only in cleaned_fees_heads.csv
7088,Only in cleaned_fees_heads.csv
7262,Only in cleaned_fees_heads.csv
6146,Only in cleaned_fees_heads.csv
6230,Only in cleaned_fees_heads.csv
6231,Only in cleaned_fees_heads.csv
6518,Only in cleaned_fees_heads.csv
6539,Only in cleaned_fees_heads.csv
6602,Only in cleaned_fees_heads.csv
7562,Only in cleaned_fees_heads.csv
7709,Only in cleaned_fees_heads.csv
5571,Only in cleaned_fees_heads.csv
5572,Only in cleaned_fees_heads.csv
5621,Only in cleaned_fees_heads.csv
5690,Only in cleaned_fees_heads.csv
4490,Only in cleaned_fees_heads.csv
5344,Only in cleaned_fees_heads.csv
5345,Only in cleaned_fees_heads.csv
5343,Only in cleaned_fees_heads.csv
5895,Only in cleaned_fees_heads.csv
6510,Only in cleaned_fees_heads.csv
6999,Only in cleaned_fees_heads.csv
7131,Only in cleaned_fees_heads.csv
7541,Only in cleaned_fees_heads.csv
7583,Only in cleaned_fees_heads.csv
7702,Only in cleaned_fees_heads.csv
4594,Only in cleaned_fees_heads.csv
4708,Only in cleaned_fees_heads.csv
5178,Only in cleaned_fees_heads.csv
5313,Only in cleaned_fees_heads.csv
5827,Only in cleaned_fees_heads.csv
5956,Only in cleaned_fees_heads.csv
6395,Only in cleaned_fees_heads.csv
7464,Only in cleaned_fees_heads.csv
7581,Only in cleaned_fees_heads.csv
7584,Only in cleaned_fees_heads.csv
7801,Only in cleaned_fees_heads.csv
4188,Only in cleaned_fees_heads.csv
4330,Only in cleaned_fees_heads.csv
4386,Only in cleaned_fees_heads.csv
4744,Only in cleaned_fees_heads.csv
5063,Only in cleaned_fees_heads.csv
5347,Only in cleaned_fees_heads.csv
5589,Only in cleaned_fees_heads.csv
6318,Only in cleaned_fees_heads.csv
6608,Only in cleaned_fees_heads.csv
6616,Only in cleaned_fees_heads.csv
7252,Only in cleaned_fees_heads.csv
7277,Only in cleaned_fees_heads.csv
7419,Only in cleaned_fees_heads.csv
7622,Only in cleaned_fees_heads.csv
7697,Only in cleaned_fees_heads.csv
7703,Only in cleaned_fees_heads.csv
7724,Only in cleaned_fees_heads.csv
7752,Only in cleaned_fees_heads.csv
4132,Only in cleaned_fees_heads.csv
4338,Only in cleaned_fees_heads.csv
4354,Only in cleaned_fees_heads.csv
4451,Only in cleaned_fees_heads.csv
5213,Only in cleaned_fees_heads.csv
5346,Only in cleaned_fees_heads.csv
5952,Only in cleaned_fees_heads.csv
6860,Only in cleaned_fees_heads.csv
6996,Only in cleaned_fees_heads.csv
7356,Only in cleaned_fees_heads.csv
7582,Only in cleaned_fees_heads.csv
7590,Only in cleaned_fees_heads.csv
7642,Only in cleaned_fees_heads.csv
7690,Only in cleaned_fees_heads.csv
7696,Only in cleaned_fees_heads.csv
7774,Only in cleaned_fees_heads.csv
7779,Only in cleaned_fees_heads.csv
7849,Only in cleaned_fees_heads.csv
7840,Only in cleaned_fees_heads.csv
7871,Only in cleaned_fees_heads.csv
4150,Only in cleaned_fees_heads.csv
4181,Only in cleaned_fees_heads.csv
4276,Only in cleaned_fees_heads.csv
4307,Only in cleaned_fees_heads.csv
4309,Only in cleaned_fees_heads.csv
4340,Only in cleaned_fees_heads.csv
4784,Only in cleaned_fees_heads.csv
4797,Only in cleaned_fees_heads.csv
5286,Only in cleaned_fees_heads.csv
6121,Only in cleaned_fees_heads.csv
6486,Only in cleaned_fees_heads.csv
6580,Only in cleaned_fees_heads.csv
6635,Only in cleaned_fees_heads.csv
6764,Only in cleaned_fees_heads.csv
6903,Only in cleaned_fees_heads.csv
7077,Only in cleaned_fees_heads.csv
7307,Only in cleaned_fees_heads.csv
7571,Only in cleaned_fees_heads.csv
7591,Only in cleaned_fees_heads.csv
7595,Only in cleaned_fees_heads.csv
7604,Only in cleaned_fees_heads.csv
7632,Only in cleaned_fees_heads.csv
7760,Only in cleaned_fees_heads.csv
7775,Only in cleaned_fees_heads.csv
7780,Only in cleaned_fees_heads.csv
7816,Only in cleaned_fees_heads.csv
7832,Only in cleaned_fees_heads.csv
7842,Only in cleaned_fees_heads.csv
3896,Only in cleaned_fees_heads.csv
3923,Only in cleaned_fees_heads.csv
4003,Only in cleaned_fees_heads.csv
4048,Only in cleaned_fees_heads.csv
4178,Only in cleaned_fees_heads.csv
4316,Only in cleaned_fees_heads.csv
4432,Only in cleaned_fees_heads.csv
4515,Only in cleaned_fees_heads.csv
4583,Only in cleaned_fees_heads.csv
4902,Only in cleaned_fees_heads.csv
4929,Only in cleaned_fees_heads.csv
5882,Only in cleaned_fees_heads.csv
6046,Only in cleaned_fees_heads.csv
6737,Only in cleaned_fees_heads.csv
6770,Only in cleaned_fees_heads.csv
7044,Only in cleaned_fees_heads.csv
7071,Only in cleaned_fees_heads.csv
7093,Only in cleaned_fees_heads.csv
7163,Only in cleaned_fees_heads.csv
7375,Only in cleaned_fees_heads.csv
7392,Only in cleaned_fees_heads.csv
7412,Only in cleaned_fees_heads.csv
3915,Only in cleaned_fees_heads.csv
3913,Only in cleaned_fees_heads.csv
3927,Only in cleaned_fees_heads.csv
4031,Only in cleaned_fees_heads.csv
4148,Only in cleaned_fees_heads.csv
4290,Only in cleaned_fees_heads.csv
4479,Only in cleaned_fees_heads.csv
4535,Only in cleaned_fees_heads.csv
4655,Only in cleaned_fees_heads.csv
4994,Only in cleaned_fees_heads.csv
5021,Only in cleaned_fees_heads.csv
5369,Only in cleaned_fees_heads.csv
5436,Only in cleaned_fees_heads.csv
5879,Only in cleaned_fees_heads.csv
6319,Only in cleaned_fees_heads.csv
6588,Only in cleaned_fees_heads.csv
6724,Only in cleaned_fees_heads.csv
6758,Only in cleaned_fees_heads.csv
6906,Only in cleaned_fees_heads.csv
7052,Only in cleaned_fees_heads.csv
7146,Only in cleaned_fees_heads.csv
7278,Only in cleaned_fees_heads.csv
7289,Only in cleaned_fees_heads.csv
7290,Only in cleaned_fees_heads.csv
7352,Only in cleaned_fees_heads.csv
7378,Only in cleaned_fees_heads.csv
7848,Only in cleaned_fees_heads.csv
4800,Only in cleaned_fees_heads.csv
4846,Only in cleaned_fees_heads.csv
4915,Only in cleaned_fees_heads.csv
5078,Only in cleaned_fees_heads.csv
5098,Only in cleaned_fees_heads.csv
5108,Only in cleaned_fees_heads.csv
5109,Only in cleaned_fees_heads.csv
5195,Only in cleaned_fees_heads.csv
5359,Only in cleaned_fees_heads.csv
5372,Only in cleaned_fees_heads.csv
5382,Only in cleaned_fees_heads.csv
5385,Only in cleaned_fees_heads.csv
5656,Only in cleaned_fees_heads.csv
5697,Only in cleaned_fees_heads.csv
5747,Only in cleaned_fees_heads.csv
6143,Only in cleaned_fees_heads.csv
6144,Only in cleaned_fees_heads.csv
6200,Only in cleaned_fees_heads.csv
6273,Only in cleaned_fees_heads.csv
6279,Only in cleaned_fees_heads.csv
6394,Only in cleaned_fees_heads.csv
6425,Only in cleaned_fees_heads.csv
6784,Only in cleaned_fees_heads.csv
7209,Only in cleaned_fees_heads.csv
7448,Only in cleaned_fees_heads.csv
7565,Only in cleaned_fees_heads.csv
7602,Only in cleaned_fees_heads.csv
7663,Only in cleaned_fees_heads.csv
7683,Only in cleaned_fees_heads.csv
7813,Only in cleaned_fees_heads.csv
7865,Only in cleaned_fees_heads.csv
4437,Only in cleaned_fees_heads.csv
4577,Only in cleaned_fees_heads.csv
5079,Only in cleaned_fees_heads.csv
5577,Only in cleaned_fees_heads.csv
6139,Only in cleaned_fees_heads.csv
6141,Only in cleaned_fees_heads.csv
6451,Only in cleaned_fees_heads.csv
7244,Only in cleaned_fees_heads.csv
7275,Only in cleaned_fees_heads.csv
7308,Only in cleaned_fees_heads.csv
7524,Only in cleaned_fees_heads.csv
7574,Only in cleaned_fees_heads.csv
7634,Only in cleaned_fees_heads.csv
7727,Only in cleaned_fees_heads.csv
7789,Only in cleaned_fees_heads.csv
7812,Only in cleaned_fees_heads.csv
4782,Only in cleaned_fees_heads.csv
4855,Only in cleaned_fees_heads.csv
5205,Only in cleaned_fees_heads.csv
5309,Only in cleaned_fees_heads.csv
5450,Only in cleaned_fees_heads.csv
5520,Only in cleaned_fees_heads.csv
6113,Only in cleaned_fees_heads.csv
6199,Only in cleaned_fees_heads.csv
6423,Only in cleaned_fees_heads.csv
6448,Only in cleaned_fees_heads.csv
6503,Only in cleaned_fees_heads.csv
6699,Only in cleaned_fees_heads.csv
7255,Only in cleaned_fees_heads.csv
7265,Only in cleaned_fees_heads.csv
7593,Only in cleaned_fees_heads.csv
7650,Only in cleaned_fees_heads.csv
7680,Only in cleaned_fees_heads.csv
4423,Only in cleaned_fees_heads.csv
4554,Only in cleaned_fees_heads.csv
4575,Only in cleaned_fees_heads.csv
4585,Only in cleaned_fees_heads.csv
4587,Only in cleaned_fees_heads.csv
4710,Only in cleaned_fees_heads.csv
4859,Only in cleaned_fees_heads.csv
4901,Only in cleaned_fees_heads.csv
4848,Only in cleaned_fees_heads.csv
4914,Only in cleaned_fees_heads.csv
5116,Only in cleaned_fees_heads.csv
5172,Only in cleaned_fees_heads.csv
5543,Only in cleaned_fees_heads.csv
5862,Only in cleaned_fees_heads.csv
6234,Only in cleaned_fees_heads.csv
6744,Only in cleaned_fees_heads.csv
7180,Only in cleaned_fees_heads.csv
7294,Only in cleaned_fees_heads.csv
7325,Only in cleaned_fees_heads.csv
7339,Only in cleaned_fees_heads.csv
7735,Only in cleaned_fees_heads.csv
7741,Only in cleaned_fees_heads.csv
4456,Only in cleaned_fees_heads.csv
4471,Only in cleaned_fees_heads.csv
4475,Only in cleaned_fees_heads.csv
4533,Only in cleaned_fees_heads.csv
4574,Only in cleaned_fees_heads.csv
4588,Only in cleaned_fees_heads.csv
4613,Only in cleaned_fees_heads.csv
4623,Only in cleaned_fees_heads.csv
4806,Only in cleaned_fees_heads.csv
4837,Only in cleaned_fees_heads.csv
4899,Only in cleaned_fees_heads.csv
4961,Only in cleaned_fees_heads.csv
4997,Only in cleaned_fees_heads.csv
5051,Only in cleaned_fees_heads.csv
5076,Only in cleaned_fees_heads.csv
5189,Only in cleaned_fees_heads.csv
5363,Only in cleaned_fees_heads.csv
5774,Only in cleaned_fees_heads.csv
5801,Only in cleaned_fees_heads.csv
5955,Only in cleaned_fees_heads.csv
6258,Only in cleaned_fees_heads.csv
6464,Only in cleaned_fees_heads.csv
6641,Only in cleaned_fees_heads.csv
7648,Only in cleaned_fees_heads.csv
4561,Only in cleaned_fees_heads.csv
4608,Only in cleaned_fees_heads.csv
4607,Only in cleaned_fees_heads.csv
4971,Only in cleaned_fees_heads.csv
5010,Only in cleaned_fees_heads.csv
5024,Only in cleaned_fees_heads.csv
5119,Only in cleaned_fees_heads.csv
5115,Only in cleaned_fees_heads.csv
5672,Only in cleaned_fees_heads.csv
5846,Only in cleaned_fees_heads.csv
6879,Only in cleaned_fees_heads.csv
5724,Only in cleaned_fees_heads.csv
7104,Only in cleaned_fees_heads.csv
7210,Only in cleaned_fees_heads.csv
7264,Only in cleaned_fees_heads.csv
7284,Only in cleaned_fees_heads.csv
7704,Only in cleaned_fees_heads.csv
7718,Only in cleaned_fees_heads.csv
7768,Only in cleaned_fees_heads.csv
7896,Only in cleaned_fees_heads.csv
4359,Only in cleaned_fees_heads.csv
4401,Only in cleaned_fees_heads.csv
4424,Only in cleaned_fees_heads.csv
4444,Only in cleaned_fees_heads.csv
4469,Only in cleaned_fees_heads.csv
4534,Only in cleaned_fees_heads.csv
4578,Only in cleaned_fees_heads.csv
4612,Only in cleaned_fees_heads.csv
4735,Only in cleaned_fees_heads.csv
4770,Only in cleaned_fees_heads.csv
4938,Only in cleaned_fees_heads.csv
4962,Only in cleaned_fees_heads.csv
5304,Only in cleaned_fees_heads.csv
5375,Only in cleaned_fees_heads.csv
5416,Only in cleaned_fees_heads.csv
5671,Only in cleaned_fees_heads.csv
5752,Only in cleaned_fees_heads.csv
5782,Only in cleaned_fees_heads.csv
5937,Only in cleaned_fees_heads.csv
6278,Only in cleaned_fees_heads.csv
6587,Only in cleaned_fees_heads.csv
6705,Only in cleaned_fees_heads.csv
6711,Only in cleaned_fees_heads.csv
7100,Only in cleaned_fees_heads.csv
7238,Only in cleaned_fees_heads.csv
7242,Only in cleaned_fees_heads.csv
7256,Only in cleaned_fees_heads.csv
7338,Only in cleaned_fees_heads.csv
7509,Only in cleaned_fees_heads.csv
7587,Only in cleaned_fees_heads.csv
7601,Only in cleaned_fees_heads.csv
7674,Only in cleaned_fees_heads.csv
7679,Only in cleaned_fees_heads.csv
7707,Only in cleaned_fees_heads.csv
7839,Only in cleaned_fees_heads.csv
4020,Only in cleaned_fees_heads.csv
4289,Only in cleaned_fees_heads.csv
4296,Only in cleaned_fees_heads.csv
4353,Only in cleaned_fees_heads.csv
4449,Only in cleaned_fees_heads.csv
4468,Only in cleaned_fees_heads.csv
4584,Only in cleaned_fees_heads.csv
4711,Only in cleaned_fees_heads.csv
4728,Only in cleaned_fees_heads.csv
4768,Only in cleaned_fees_heads.csv
4773,Only in cleaned_fees_heads.csv
4785,Only in cleaned_fees_heads.csv
4870,Only in cleaned_fees_heads.csv
5006,Only in cleaned_fees_heads.csv
5386,Only in cleaned_fees_heads.csv
6647,Only in cleaned_fees_heads.csv
6771,Only in cleaned_fees_heads.csv
7029,Only in cleaned_fees_heads.csv
7367,Only in cleaned_fees_heads.csv
7467,Only in cleaned_fees_heads.csv
7555,Only in cleaned_fees_heads.csv
7625,Only in cleaned_fees_heads.csv
7627,Only in cleaned_fees_heads.csv
7802,Only in cleaned_fees_heads.csv
4348,Only in cleaned_fees_heads.csv
4431,Only in cleaned_fees_heads.csv
4467,Only in cleaned_fees_heads.csv
5133,Only in cleaned_fees_heads.csv
5208,Only in cleaned_fees_heads.csv
5371,Only in cleaned_fees_heads.csv
5422,Only in cleaned_fees_heads.csv
5536,Only in cleaned_fees_heads.csv
5761,Only in cleaned_fees_heads.csv
5828,Only in cleaned_fees_heads.csv
5983,Only in cleaned_fees_heads.csv
6213,Only in cleaned_fees_heads.csv
6271,Only in cleaned_fees_heads.csv
6482,Only in cleaned_fees_heads.csv
6791,Only in cleaned_fees_heads.csv
6781,Only in cleaned_fees_heads.csv
6806,Only in cleaned_fees_heads.csv
6963,Only in cleaned_fees_heads.csv
7111,Only in cleaned_fees_heads.csv
7173,Only in cleaned_fees_heads.csv
7454,Only in cleaned_fees_heads.csv
4196,Only in cleaned_fees_heads.csv
4213,Only in cleaned_fees_heads.csv
4223,Only in cleaned_fees_heads.csv
4224,Only in cleaned_fees_heads.csv
4240,Only in cleaned_fees_heads.csv
4258,Only in cleaned_fees_heads.csv
4267,Only in cleaned_fees_heads.csv
4279,Only in cleaned_fees_heads.csv
4284,Only in cleaned_fees_heads.csv
4300,Only in cleaned_fees_heads.csv
4350,Only in cleaned_fees_heads.csv
4388,Only in cleaned_fees_heads.csv
4398,Only in cleaned_fees_heads.csv
4731,Only in cleaned_fees_heads.csv
4847,Only in cleaned_fees_heads.csv
4939,Only in cleaned_fees_heads.csv
5016,Only in cleaned_fees_heads.csv
5092,Only in cleaned_fees_heads.csv
5130,Only in cleaned_fees_heads.csv
5134,Only in cleaned_fees_heads.csv
5253,Only in cleaned_fees_heads.csv
5305,Only in cleaned_fees_heads.csv
5400,Only in cleaned_fees_heads.csv
5402,Only in cleaned_fees_heads.csv
5644,Only in cleaned_fees_heads.csv
5762,Only in cleaned_fees_heads.csv
5822,Only in cleaned_fees_heads.csv
6379,Only in cleaned_fees_heads.csv
6400,Only in cleaned_fees_heads.csv
6422,Only in cleaned_fees_heads.csv
6499,Only in cleaned_fees_heads.csv
6507,Only in cleaned_fees_heads.csv
6582,Only in cleaned_fees_heads.csv
6612,Only in cleaned_fees_heads.csv
6696,Only in cleaned_fees_heads.csv
6717,Only in cleaned_fees_heads.csv
7046,Only in cleaned_fees_heads.csv
7246,Only in cleaned_fees_heads.csv
7253,Only in cleaned_fees_heads.csv
7273,Only in cleaned_fees_heads.csv
7336,Only in cleaned_fees_heads.csv
7579,Only in cleaned_fees_heads.csv
7588,Only in cleaned_fees_heads.csv
7605,Only in cleaned_fees_heads.csv
7630,Only in cleaned_fees_heads.csv
7635,Only in cleaned_fees_heads.csv
7657,Only in cleaned_fees_heads.csv
7656,Only in cleaned_fees_heads.csv
7664,Only in cleaned_fees_heads.csv
7726,Only in cleaned_fees_heads.csv
7728,Only in cleaned_fees_heads.csv
7740,Only in cleaned_fees_heads.csv
7761,Only in cleaned_fees_heads.csv
7807,Only in cleaned_fees_heads.csv
3851,Only in cleaned_fees_heads.csv
3914,Only in cleaned_fees_heads.csv
3974,Only in cleaned_fees_heads.csv
3980,Only in cleaned_fees_heads.csv
3992,Only in cleaned_fees_heads.csv
4012,Only in cleaned_fees_heads.csv
4019,Only in cleaned_fees_heads.csv
4036,Only in cleaned_fees_heads.csv
4053,Only in cleaned_fees_heads.csv
4080,Only in cleaned_fees_heads.csv
4228,Only in cleaned_fees_heads.csv
4334,Only in cleaned_fees_heads.csv
4390,Only in cleaned_fees_heads.csv
4445,Only in cleaned_fees_heads.csv
4524,Only in cleaned_fees_heads.csv
4867,Only in cleaned_fees_heads.csv
4917,Only in cleaned_fees_heads.csv
5117,Only in cleaned_fees_heads.csv
5227,Only in cleaned_fees_heads.csv
5407,Only in cleaned_fees_heads.csv
5423,Only in cleaned_fees_heads.csv
5493,Only in cleaned_fees_heads.csv
5643,Only in cleaned_fees_heads.csv
5924,Only in cleaned_fees_heads.csv
5936,Only in cleaned_fees_heads.csv
6289,Only in cleaned_fees_heads.csv
6617,Only in cleaned_fees_heads.csv
6659,Only in cleaned_fees_heads.csv
6787,Only in cleaned_fees_heads.csv
7045,Only in cleaned_fees_heads.csv
7220,Only in cleaned_fees_heads.csv
7248,Only in cleaned_fees_heads.csv
7254,Only in cleaned_fees_heads.csv
7266,Only in cleaned_fees_heads.csv
7276,Only in cleaned_fees_heads.csv
7281,Only in cleaned_fees_heads.csv
7280,Only in cleaned_fees_heads.csv
7312,Only in cleaned_fees_heads.csv
7334,Only in cleaned_fees_heads.csv
7449,Only in cleaned_fees_heads.csv
7639,Only in cleaned_fees_heads.csv
7692,Only in cleaned_fees_heads.csv
3518,Only in cleaned_fees_heads.csv
3486,Only in cleaned_fees_heads.csv
3475,Only in cleaned_fees_heads.csv
3644,Only in cleaned_fees_heads.csv
3707,Only in cleaned_fees_heads.csv
3717,Only in cleaned_fees_heads.csv
3758,Only in cleaned_fees_heads.csv
3772,Only in cleaned_fees_heads.csv
3819,Only in cleaned_fees_heads.csv
3807,Only in cleaned_fees_heads.csv
3868,Only in cleaned_fees_heads.csv
3928,Only in cleaned_fees_heads.csv
4411,Only in cleaned_fees_heads.csv
4523,Only in cleaned_fees_heads.csv
4660,Only in cleaned_fees_heads.csv
4732,Only in cleaned_fees_heads.csv
4996,Only in cleaned_fees_heads.csv
5012,Only in cleaned_fees_heads.csv
5105,Only in cleaned_fees_heads.csv
5113,Only in cleaned_fees_heads.csv
5327,Only in cleaned_fees_heads.csv
5365,Only in cleaned_fees_heads.csv
5406,Only in cleaned_fees_heads.csv
5781,Only in cleaned_fees_heads.csv
5820,Only in cleaned_fees_heads.csv
6126,Only in cleaned_fees_heads.csv
6170,Only in cleaned_fees_heads.csv
6295,Only in cleaned_fees_heads.csv
6306,Only in cleaned_fees_heads.csv
6326,Only in cleaned_fees_heads.csv
6409,Only in cleaned_fees_heads.csv
6437,Only in cleaned_fees_heads.csv
6613,Only in cleaned_fees_heads.csv
6648,Only in cleaned_fees_heads.csv
6712,Only in cleaned_fees_heads.csv
6750,Only in cleaned_fees_heads.csv
6962,Only in cleaned_fees_heads.csv
6966,Only in cleaned_fees_heads.csv
7055,Only in cleaned_fees_heads.csv
7057,Only in cleaned_fees_heads.csv
7081,Only in cleaned_fees_heads.csv
7167,Only in cleaned_fees_heads.csv
7286,Only in cleaned_fees_heads.csv
7337,Only in cleaned_fees_heads.csv
7530,Only in cleaned_fees_heads.csv
7706,Only in cleaned_fees_heads.csv
7598,Only in cleaned_fees_heads.csv
7654,Only in cleaned_fees_heads.csv
7660,Only in cleaned_fees_heads.csv
7661,Only in cleaned_fees_heads.csv
7698,Only in cleaned_fees_heads.csv
7716,Only in cleaned_fees_heads.csv
7686,Only in cleaned_fees_heads.csv
7829,Only in cleaned_fees_heads.csv
7830,Only in cleaned_fees_heads.csv
7856,Only in cleaned_fees_heads.csv
7875,Only in cleaned_fees_heads.csv
7886,Only in cleaned_fees_heads.csv
7894,Only in cleaned_fees_heads.csv
7543,Only in cleaned_fees_heads.csv
7640,Only in cleaned_fees_heads.csv
7666,Only in cleaned_fees_heads.csv
7673,Only in cleaned_fees_heads.csv
7699,Only in cleaned_fees_heads.csv
7705,Only in cleaned_fees_heads.csv
7783,Only in cleaned_fees_heads.csv
7831,Only in cleaned_fees_heads.csv
7837,Only in cleaned_fees_heads.csv
7846,Only in cleaned_fees_heads.csv
7858,Only in cleaned_fees_heads.csv
7867,Only in cleaned_fees_heads.csv
7890,Only in cleaned_fees_heads.csv
7247,Only in cleaned_fees_heads.csv
7274,Only in cleaned_fees_heads.csv
7287,Only in cleaned_fees_heads.csv
7382,Only in cleaned_fees_heads.csv
7432,Only in cleaned_fees_heads.csv
7438,Only in cleaned_fees_heads.csv
7444,Only in cleaned_fees_heads.csv
7450,Only in cleaned_fees_heads.csv
7457,Only in cleaned_fees_heads.csv
7469,Only in cleaned_fees_heads.csv
7652,Only in cleaned_fees_heads.csv
7719,Only in cleaned_fees_heads.csv
7732,Only in cleaned_fees_heads.csv
7733,Only in cleaned_fees_heads.csv
7785,Only in cleaned_fees_heads.csv
7833,Only in cleaned_fees_heads.csv
7844,Only in cleaned_fees_heads.csv
7859,Only in cleaned_fees_heads.csv
7001,Only in cleaned_fees_heads.csv
7223,Only in cleaned_fees_heads.csv
7369,Only in cleaned_fees_heads.csv
7377,Only in cleaned_fees_heads.csv
7386,Only in cleaned_fees_heads.csv
7416,Only in cleaned_fees_heads.csv
7427,Only in cleaned_fees_heads.csv
7447,Only in cleaned_fees_heads.csv
7462,Only in cleaned_fees_heads.csv
7531,Only in cleaned_fees_heads.csv
7561,Only in cleaned_fees_heads.csv
7637,Only in cleaned_fees_heads.csv
7653,Only in cleaned_fees_heads.csv
7669,Only in cleaned_fees_heads.csv
7691,Only in cleaned_fees_heads.csv
7729,Only in cleaned_fees_heads.csv
7671,Only in cleaned_fees_heads.csv
7769,Only in cleaned_fees_heads.csv
7784,Only in cleaned_fees_heads.csv
7182,Only in cleaned_fees_heads.csv
7316,Only in cleaned_fees_heads.csv
7317,Only in cleaned_fees_heads.csv
7322,Only in cleaned_fees_heads.csv
7345,Only in cleaned_fees_heads.csv
7414,Only in cleaned_fees_heads.csv
7463,Only in cleaned_fees_heads.csv
7527,Only in cleaned_fees_heads.csv
7617,Only in cleaned_fees_heads.csv
7676,Only in cleaned_fees_heads.csv
7715,Only in cleaned_fees_heads.csv
7778,Only in cleaned_fees_heads.csv
7861,Only in cleaned_fees_heads.csv
7883,Only in cleaned_fees_heads.csv
6628,Only in cleaned_fees_heads.csv
6997,Only in cleaned_fees_heads.csv
7015,Only in cleaned_fees_heads.csv
7016,Only in cleaned_fees_heads.csv
7018,Only in cleaned_fees_heads.csv
7022,Only in cleaned_fees_heads.csv
7049,Only in cleaned_fees_heads.csv
7094,Only in cleaned_fees_heads.csv
7135,Only in cleaned_fees_heads.csv
7165,Only in cleaned_fees_heads.csv
7201,Only in cleaned_fees_heads.csv
7226,Only in cleaned_fees_heads.csv
7313,Only in cleaned_fees_heads.csv
7342,Only in cleaned_fees_heads.csv
7351,Only in cleaned_fees_heads.csv
7385,Only in cleaned_fees_heads.csv
7421,Only in cleaned_fees_heads.csv
7522,Only in cleaned_fees_heads.csv
7536,Only in cleaned_fees_heads.csv
7597,Only in cleaned_fees_heads.csv
7619,Only in cleaned_fees_heads.csv
7655,Only in cleaned_fees_heads.csv
7682,Only in cleaned_fees_heads.csv
7759,Only in cleaned_fees_heads.csv
7749,Only in cleaned_fees_heads.csv
7750,Only in cleaned_fees_heads.csv
7857,Only in cleaned_fees_heads.csv
7782,Only in cleaned_fees_heads.csv
7083,Only in cleaned_fees_heads.csv
7134,Only in cleaned_fees_heads.csv
7178,Only in cleaned_fees_heads.csv
7233,Only in cleaned_fees_heads.csv
7251,Only in cleaned_fees_heads.csv
7268,Only in cleaned_fees_heads.csv
7300,Only in cleaned_fees_heads.csv
7306,Only in cleaned_fees_heads.csv
7319,Only in cleaned_fees_heads.csv
7323,Only in cleaned_fees_heads.csv
7359,Only in cleaned_fees_heads.csv
7374,Only in cleaned_fees_heads.csv
7389,Only in cleaned_fees_heads.csv
7390,Only in cleaned_fees_heads.csv
7422,Only in cleaned_fees_heads.csv
7428,Only in cleaned_fees_heads.csv
7445,Only in cleaned_fees_heads.csv
7446,Only in cleaned_fees_heads.csv
7534,Only in cleaned_fees_heads.csv
7822,Only in cleaned_fees_heads.csv
7826,Only in cleaned_fees_heads.csv
7862,Only in cleaned_fees_heads.csv
7868,Only in cleaned_fees_heads.csv
6961,Only in cleaned_fees_heads.csv
7002,Only in cleaned_fees_heads.csv
7006,Only in cleaned_fees_heads.csv
7064,Only in cleaned_fees_heads.csv
7085,Only in cleaned_fees_heads.csv
7149,Only in cleaned_fees_heads.csv
7177,Only in cleaned_fees_heads.csv
7217,Only in cleaned_fees_heads.csv
7235,Only in cleaned_fees_heads.csv
7301,Only in cleaned_fees_heads.csv
7326,Only in cleaned_fees_heads.csv
7355,Only in cleaned_fees_heads.csv
7373,Only in cleaned_fees_heads.csv
7387,Only in cleaned_fees_heads.csv
7406,Only in cleaned_fees_heads.csv
7443,Only in cleaned_fees_heads.csv
7458,Only in cleaned_fees_heads.csv
7548,Only in cleaned_fees_heads.csv
7613,Only in cleaned_fees_heads.csv
7694,Only in cleaned_fees_heads.csv
7643,Only in cleaned_fees_heads.csv
7751,Only in cleaned_fees_heads.csv
7809,Only in cleaned_fees_heads.csv
7893,Only in cleaned_fees_heads.csv
6739,Only in cleaned_fees_heads.csv
6749,Only in cleaned_fees_heads.csv
6826,Only in cleaned_fees_heads.csv
6902,Only in cleaned_fees_heads.csv
6908,Only in cleaned_fees_heads.csv
6909,Only in cleaned_fees_heads.csv
6932,Only in cleaned_fees_heads.csv
6942,Only in cleaned_fees_heads.csv
6949,Only in cleaned_fees_heads.csv
6957,Only in cleaned_fees_heads.csv
6972,Only in cleaned_fees_heads.csv
7027,Only in cleaned_fees_heads.csv
7084,Only in cleaned_fees_heads.csv
7090,Only in cleaned_fees_heads.csv
7102,Only in cleaned_fees_heads.csv
7179,Only in cleaned_fees_heads.csv
7185,Only in cleaned_fees_heads.csv
7190,Only in cleaned_fees_heads.csv
7283,Only in cleaned_fees_heads.csv
7292,Only in cleaned_fees_heads.csv
7391,Only in cleaned_fees_heads.csv
7466,Only in cleaned_fees_heads.csv
7578,Only in cleaned_fees_heads.csv
7629,Only in cleaned_fees_heads.csv
6622,Only in cleaned_fees_heads.csv
6688,Only in cleaned_fees_heads.csv
6738,Only in cleaned_fees_heads.csv
6743,Only in cleaned_fees_heads.csv
6746,Only in cleaned_fees_heads.csv
6974,Only in cleaned_fees_heads.csv
7035,Only in cleaned_fees_heads.csv
7059,Only in cleaned_fees_heads.csv
7062,Only in cleaned_fees_heads.csv
7115,Only in cleaned_fees_heads.csv
7243,Only in cleaned_fees_heads.csv
7269,Only in cleaned_fees_heads.csv
7354,Only in cleaned_fees_heads.csv
7436,Only in cleaned_fees_heads.csv
7437,Only in cleaned_fees_heads.csv
7667,Only in cleaned_fees_heads.csv
7677,Only in cleaned_fees_heads.csv
7874,Only in cleaned_fees_heads.csv
6761,Only in cleaned_fees_heads.csv
6924,Only in cleaned_fees_heads.csv
6960,Only in cleaned_fees_heads.csv
7030,Only in cleaned_fees_heads.csv
7112,Only in cleaned_fees_heads.csv
7114,Only in cleaned_fees_heads.csv
7124,Only in cleaned_fees_heads.csv
7169,Only in cleaned_fees_heads.csv
7171,Only in cleaned_fees_heads.csv
7430,Only in cleaned_fees_heads.csv
7453,Only in cleaned_fees_heads.csv
7568,Only in cleaned_fees_heads.csv
7585,Only in cleaned_fees_heads.csv
7592,Only in cleaned_fees_heads.csv
7621,Only in cleaned_fees_heads.csv
7678,Only in cleaned_fees_heads.csv
7804,Only in cleaned_fees_heads.csv
7823,Only in cleaned_fees_heads.csv
7895,Only in cleaned_fees_heads.csv
6220,Only in cleaned_fees_heads.csv
6393,Only in cleaned_fees_heads.csv
6463,Only in cleaned_fees_heads.csv
6461,Only in cleaned_fees_heads.csv
6536,Only in cleaned_fees_heads.csv
6543,Only in cleaned_fees_heads.csv
6615,Only in cleaned_fees_heads.csv
6671,Only in cleaned_fees_heads.csv
6741,Only in cleaned_fees_heads.csv
6756,Only in cleaned_fees_heads.csv
6704,Only in cleaned_fees_heads.csv
6788,Only in cleaned_fees_heads.csv
6816,Only in cleaned_fees_heads.csv
6841,Only in cleaned_fees_heads.csv
6855,Only in cleaned_fees_heads.csv
6898,Only in cleaned_fees_heads.csv
6601,Only in cleaned_fees_heads.csv
7120,Only in cleaned_fees_heads.csv
7132,Only in cleaned_fees_heads.csv
7263,Only in cleaned_fees_heads.csv
7305,Only in cleaned_fees_heads.csv
7346,Only in cleaned_fees_heads.csv
7347,Only in cleaned_fees_heads.csv
7358,Only in cleaned_fees_heads.csv
7393,Only in cleaned_fees_heads.csv
7420,Only in cleaned_fees_heads.csv
7611,Only in cleaned_fees_heads.csv
7658,Only in cleaned_fees_heads.csv
7723,Only in cleaned_fees_heads.csv
7734,Only in cleaned_fees_heads.csv
7882,Only in cleaned_fees_heads.csv
6399,Only in cleaned_fees_heads.csv
6462,Only in cleaned_fees_heads.csv
6514,Only in cleaned_fees_heads.csv
6528,Only in cleaned_fees_heads.csv
6621,Only in cleaned_fees_heads.csv
6649,Only in cleaned_fees_heads.csv
6653,Only in cleaned_fees_heads.csv
6730,Only in cleaned_fees_heads.csv
6766,Only in cleaned_fees_heads.csv
6779,Only in cleaned_fees_heads.csv
6785,Only in cleaned_fees_heads.csv
6799,Only in cleaned_fees_heads.csv
7129,Only in cleaned_fees_heads.csv
7245,Only in cleaned_fees_heads.csv
7318,Only in cleaned_fees_heads.csv
7624,Only in cleaned_fees_heads.csv
7708,Only in cleaned_fees_heads.csv
7722,Only in cleaned_fees_heads.csv
7808,Only in cleaned_fees_heads.csv
6377,Only in cleaned_fees_heads.csv
6397,Only in cleaned_fees_heads.csv
6551,Only in cleaned_fees_heads.csv
6695,Only in cleaned_fees_heads.csv
6821,Only in cleaned_fees_heads.csv
6835,Only in cleaned_fees_heads.csv
6928,Only in cleaned_fees_heads.csv
6934,Only in cleaned_fees_heads.csv
6998,Only in cleaned_fees_heads.csv
7026,Only in cleaned_fees_heads.csv
7186,Only in cleaned_fees_heads.csv
7216,Only in cleaned_fees_heads.csv
7288,Only in cleaned_fees_heads.csv
7348,Only in cleaned_fees_heads.csv
7368,Only in cleaned_fees_heads.csv
7431,Only in cleaned_fees_heads.csv
7535,Only in cleaned_fees_heads.csv
7892,Only in cleaned_fees_heads.csv
7872,Only in cleaned_fees_heads.csv
6201,Only in cleaned_fees_heads.csv
6366,Only in cleaned_fees_heads.csv
6367,Only in cleaned_fees_heads.csv
6323,Only in cleaned_fees_heads.csv
6432,Only in cleaned_fees_heads.csv
6449,Only in cleaned_fees_heads.csv
6513,Only in cleaned_fees_heads.csv
6566,Only in cleaned_fees_heads.csv
6626,Only in cleaned_fees_heads.csv
6682,Only in cleaned_fees_heads.csv
6680,Only in cleaned_fees_heads.csv
6679,Only in cleaned_fees_heads.csv
6747,Only in cleaned_fees_heads.csv
6825,Only in cleaned_fees_heads.csv
6977,Only in cleaned_fees_heads.csv
7028,Only in cleaned_fees_heads.csv
7106,Only in cleaned_fees_heads.csv
7175,Only in cleaned_fees_heads.csv
7327,Only in cleaned_fees_heads.csv
7566,Only in cleaned_fees_heads.csv
7633,Only in cleaned_fees_heads.csv
7651,Only in cleaned_fees_heads.csv
7668,Only in cleaned_fees_heads.csv
7684,Only in cleaned_fees_heads.csv
7800,Only in cleaned_fees_heads.csv
7796,Only in cleaned_fees_heads.csv
7838,Only in cleaned_fees_heads.csv
7880,Only in cleaned_fees_heads.csv
6102,Only in cleaned_fees_heads.csv
6381,Only in cleaned_fees_heads.csv
6593,Only in cleaned_fees_heads.csv
6607,Only in cleaned_fees_heads.csv
6611,Only in cleaned_fees_heads.csv
6670,Only in cleaned_fees_heads.csv
6693,Only in cleaned_fees_heads.csv
6767,Only in cleaned_fees_heads.csv
6786,Only in cleaned_fees_heads.csv
6852,Only in cleaned_fees_heads.csv
6973,Only in cleaned_fees_heads.csv
7021,Only in cleaned_fees_heads.csv
7236,Only in cleaned_fees_heads.csv
7259,Only in cleaned_fees_heads.csv
7297,Only in cleaned_fees_heads.csv
7314,Only in cleaned_fees_heads.csv
7575,Only in cleaned_fees_heads.csv
7618,Only in cleaned_fees_heads.csv
7638,Only in cleaned_fees_heads.csv
6151,Only in cleaned_fees_heads.csv
6287,Only in cleaned_fees_heads.csv
6344,Only in cleaned_fees_heads.csv
6365,Only in cleaned_fees_heads.csv
6512,Only in cleaned_fees_heads.csv
6778,Only in cleaned_fees_heads.csv
7010,Only in cleaned_fees_heads.csv
7019,Only in cleaned_fees_heads.csv
7078,Only in cleaned_fees_heads.csv
7270,Only in cleaned_fees_heads.csv
7279,Only in cleaned_fees_heads.csv
7299,Only in cleaned_fees_heads.csv
7360,Only in cleaned_fees_heads.csv
7468,Only in cleaned_fees_heads.csv
7556,Only in cleaned_fees_heads.csv
7586,Only in cleaned_fees_heads.csv
7659,Only in cleaned_fees_heads.csv
7815,Only in cleaned_fees_heads.csv
5780,Only in cleaned_fees_heads.csv
5816,Only in cleaned_fees_heads.csv
5863,Only in cleaned_fees_heads.csv
5874,Only in cleaned_fees_heads.csv
5877,Only in cleaned_fees_heads.csv
5896,Only in cleaned_fees_heads.csv
5981,Only in cleaned_fees_heads.csv
6089,Only in cleaned_fees_heads.csv
6130,Only in cleaned_fees_heads.csv
6136,Only in cleaned_fees_heads.csv
6222,Only in cleaned_fees_heads.csv
6343,Only in cleaned_fees_heads.csv
6398,Only in cleaned_fees_heads.csv
6557,Only in cleaned_fees_heads.csv
6606,Only in cleaned_fees_heads.csv
6700,Only in cleaned_fees_heads.csv
7014,Only in cleaned_fees_heads.csv
7099,Only in cleaned_fees_heads.csv
7181,Only in cleaned_fees_heads.csv
7357,Only in cleaned_fees_heads.csv
7576,Only in cleaned_fees_heads.csv
7672,Only in cleaned_fees_heads.csv
7685,Only in cleaned_fees_heads.csv
7850,Only in cleaned_fees_heads.csv
7870,Only in cleaned_fees_heads.csv
5657,Only in cleaned_fees_heads.csv
5783,Only in cleaned_fees_heads.csv
5866,Only in cleaned_fees_heads.csv
5948,Only in cleaned_fees_heads.csv
5962,Only in cleaned_fees_heads.csv
5963,Only in cleaned_fees_heads.csv
6128,Only in cleaned_fees_heads.csv
6351,Only in cleaned_fees_heads.csv
6378,Only in cleaned_fees_heads.csv
6460,Only in cleaned_fees_heads.csv
6529,Only in cleaned_fees_heads.csv
6687,Only in cleaned_fees_heads.csv
6706,Only in cleaned_fees_heads.csv
6774,Only in cleaned_fees_heads.csv
6931,Only in cleaned_fees_heads.csv
7320,Only in cleaned_fees_heads.csv
7540,Only in cleaned_fees_heads.csv
7589,Only in cleaned_fees_heads.csv
7662,Only in cleaned_fees_heads.csv
7714,Only in cleaned_fees_heads.csv
7811,Only in cleaned_fees_heads.csv
5275,Only in cleaned_fees_heads.csv
5626,Only in cleaned_fees_heads.csv
5673,Only in cleaned_fees_heads.csv
5813,Only in cleaned_fees_heads.csv
5921,Only in cleaned_fees_heads.csv
5925,Only in cleaned_fees_heads.csv
5927,Only in cleaned_fees_heads.csv
5928,Only in cleaned_fees_heads.csv
6087,Only in cleaned_fees_heads.csv
6223,Only in cleaned_fees_heads.csv
6450,Only in cleaned_fees_heads.csv
6548,Only in cleaned_fees_heads.csv
6638,Only in cleaned_fees_heads.csv
6681,Only in cleaned_fees_heads.csv
6809,Only in cleaned_fees_heads.csv
6935,Only in cleaned_fees_heads.csv
7379,Only in cleaned_fees_heads.csv
7612,Only in cleaned_fees_heads.csv
7755,Only in cleaned_fees_heads.csv
7881,Only in cleaned_fees_heads.csv
7873,Only in cleaned_fees_heads.csv
5426,Only in cleaned_fees_heads.csv
5531,Only in cleaned_fees_heads.csv
7241,Only in cleaned_fees_heads.csv
5591,Only in cleaned_fees_heads.csv
5833,Only in cleaned_fees_heads.csv
5849,Only in cleaned_fees_heads.csv
5864,Only in cleaned_fees_heads.csv
5890,Only in cleaned_fees_heads.csv
5958,Only in cleaned_fees_heads.csv
5959,Only in cleaned_fees_heads.csv
5982,Only in cleaned_fees_heads.csv
6350,Only in cleaned_fees_heads.csv
6452,Only in cleaned_fees_heads.csv
6678,Only in cleaned_fees_heads.csv
6713,Only in cleaned_fees_heads.csv
6831,Only in cleaned_fees_heads.csv
7224,Only in cleaned_fees_heads.csv
7239,Only in cleaned_fees_heads.csv
7328,Only in cleaned_fees_heads.csv
7349,Only in cleaned_fees_heads.csv
7364,Only in cleaned_fees_heads.csv
7333,Only in cleaned_fees_heads.csv
7332,Only in cleaned_fees_heads.csv
7623,Only in cleaned_fees_heads.csv
5339,Only in cleaned_fees_heads.csv
6421,Only in cleaned_fees_heads.csv
6583,Only in cleaned_fees_heads.csv
6672,Only in cleaned_fees_heads.csv
6748,Only in cleaned_fees_heads.csv
6849,Only in cleaned_fees_heads.csv
6897,Only in cleaned_fees_heads.csv
7058,Only in cleaned_fees_heads.csv
7105,Only in cleaned_fees_heads.csv
7109,Only in cleaned_fees_heads.csv
7123,Only in cleaned_fees_heads.csv
7174,Only in cleaned_fees_heads.csv
7187,Only in cleaned_fees_heads.csv
7234,Only in cleaned_fees_heads.csv
7237,Only in cleaned_fees_heads.csv
7675,Only in cleaned_fees_heads.csv
7717,Only in cleaned_fees_heads.csv
5025,Only in cleaned_fees_heads.csv
5514,Only in cleaned_fees_heads.csv
5555,Only in cleaned_fees_heads.csv
5628,Only in cleaned_fees_heads.csv
5665,Only in cleaned_fees_heads.csv
5710,Only in cleaned_fees_heads.csv
5741,Only in cleaned_fees_heads.csv
5750,Only in cleaned_fees_heads.csv
5756,Only in cleaned_fees_heads.csv
5960,Only in cleaned_fees_heads.csv
6410,Only in cleaned_fees_heads.csv
6504,Only in cleaned_fees_heads.csv
6552,Only in cleaned_fees_heads.csv
6780,Only in cleaned_fees_heads.csv
7033,Only in cleaned_fees_heads.csv
7054,Only in cleaned_fees_heads.csv
5723,Only in cleaned_fees_heads.csv
7103,Only in cleaned_fees_heads.csv
7296,Only in cleaned_fees_heads.csv
7384,Only in cleaned_fees_heads.csv
7603,Only in cleaned_fees_heads.csv
7693,Only in cleaned_fees_heads.csv
7725,Only in cleaned_fees_heads.csv
7736,Only in cleaned_fees_heads.csv
7866,Only in cleaned_fees_heads.csv
7869,Only in cleaned_fees_heads.csv
5428,Only in cleaned_fees_heads.csv
5447,Only in cleaned_fees_heads.csv
5504,Only in cleaned_fees_heads.csv
5530,Only in cleaned_fees_heads.csv
5542,Only in cleaned_fees_heads.csv
5675,Only in cleaned_fees_heads.csv
5776,Only in cleaned_fees_heads.csv
5802,Only in cleaned_fees_heads.csv
5873,Only in cleaned_fees_heads.csv
6131,Only in cleaned_fees_heads.csv
6288,Only in cleaned_fees_heads.csv
6391,Only in cleaned_fees_heads.csv
6427,Only in cleaned_fees_heads.csv
6540,Only in cleaned_fees_heads.csv
6572,Only in cleaned_fees_heads.csv
7227,Only in cleaned_fees_heads.csv
7260,Only in cleaned_fees_heads.csv
7285,Only in cleaned_fees_heads.csv
7298,Only in cleaned_fees_heads.csv
7315,Only in cleaned_fees_heads.csv
7350,Only in cleaned_fees_heads.csv
7415,Only in cleaned_fees_heads.csv
7594,Only in cleaned_fees_heads.csv
7628,Only in cleaned_fees_heads.csv
7797,Only in cleaned_fees_heads.csv
7803,Only in cleaned_fees_heads.csv
7474,Only in cleaned_fees_heads.csv
7495,Only in cleaned_fees_heads.csv
7492,Only in cleaned_fees_heads.csv
7520,Only in cleaned_fees_heads.csv
7489,Only in cleaned_fees_heads.csv
7512,Only in cleaned_fees_heads.csv
7501,Only in cleaned_fees_heads.csv
7516,Only in cleaned_fees_heads.csv
7523,Only in cleaned_fees_heads.csv
7477,Only in cleaned_fees_heads.csv
7475,Only in cleaned_fees_heads.csv
7528,Only in cleaned_fees_heads.csv
7502,Only in cleaned_fees_heads.csv
7518,Only in cleaned_fees_heads.csv
7532,Only in cleaned_fees_heads.csv
7554,Only in cleaned_fees_heads.csv
7560,Only in cleaned_fees_heads.csv
7688,Only in cleaned_fees_heads.csv
7687,Only in cleaned_fees_heads.csv
7737,Only in cleaned_fees_heads.csv
7515,Only in cleaned_fees_heads.csv
7482,Only in cleaned_fees_heads.csv
7835,Only in cleaned_fees_heads.csv
7845,Only in cleaned_fees_heads.csv
7888,Only in cleaned_fees_heads.csv
7889,Only in cleaned_fees_heads.csv
7508,Only in cleaned_fees_heads.csv
7529,Only in cleaned_fees_heads.csv
7542,Only in cleaned_fees_heads.csv
7818,Only in cleaned_fees_heads.csv
7192,Only in cleaned_fees_heads.csv
7199,Only in cleaned_fees_heads.csv
7204,Only in cleaned_fees_heads.csv
7213,Only in cleaned_fees_heads.csv
7240,Only in cleaned_fees_heads.csv
7261,Only in cleaned_fees_heads.csv
7331,Only in cleaned_fees_heads.csv
7343,Only in cleaned_fees_heads.csv
7397,Only in cleaned_fees_heads.csv
7413,Only in cleaned_fees_heads.csv
7410,Only in cleaned_fees_heads.csv
7435,Only in cleaned_fees_heads.csv
7456,Only in cleaned_fees_heads.csv
7324,Only in cleaned_fees_heads.csv
7380,Only in cleaned_fees_heads.csv
7396,Only in cleaned_fees_heads.csv
7409,Only in cleaned_fees_heads.csv
7429,Only in cleaned_fees_heads.csv